Entity,Code,Year, (%)
Albania,ALB,1996,0.19
Albania,ALB,2002,0.39
Albania,ALB,2005,0.18
Albania,ALB,2008,0.07
Albania,ALB,2012,0.22
Angola,AGO,2000,14.65
Angola,AGO,2008,9.64
Argentina,ARG,1986,0
Argentina,ARG,1987,0
Argentina,ARG,1991,0.67
Argentina,ARG,1992,1.18
Argentina,ARG,1993,1.25
Argentina,ARG,1994,1.45
Argentina,ARG,1995,2.36
Argentina,ARG,1996,2.88
Argentina,ARG,1997,2.35
Argentina,ARG,1998,2.28
Argentina,ARG,1999,2.55
Argentina,ARG,2000,2.93
Argentina,ARG,2001,4.9
Argentina,ARG,2002,5.59
Argentina,ARG,2003,4.85
Argentina,ARG,2004,3.16
Argentina,ARG,2005,2.27
Argentina,ARG,2006,1.91
Argentina,ARG,2007,1.77
Argentina,ARG,2008,1.43
Argentina,ARG,2009,1.49
Argentina,ARG,2010,0.97
Argentina,ARG,2011,0.83
Argentina,ARG,2012,0.77
Argentina,ARG,2013,0.95
Argentina,ARG,2014,0.97
Armenia,ARM,1996,4.82
Armenia,ARM,1999,4.07
Armenia,ARM,2001,4.45
Armenia,ARM,2002,3.23
Armenia,ARM,2003,2.03
Armenia,ARM,2004,1.81
Armenia,ARM,2005,0.91
Armenia,ARM,2006,0.57
Armenia,ARM,2007,0.67
Armenia,ARM,2008,0.32
Armenia,ARM,2009,0.27
Armenia,ARM,2010,0.41
Armenia,ARM,2011,0.42
Armenia,ARM,2012,0.33
Armenia,ARM,2013,0.56
Armenia,ARM,2014,0.41
Azerbaijan,AZE,1995,2.18
Azerbaijan,AZE,2001,0.47
Azerbaijan,AZE,2002,0
Azerbaijan,AZE,2003,0
Azerbaijan,AZE,2004,0
Azerbaijan,AZE,2005,0
Azerbaijan,AZE,2008,0.16
Bangladesh,BGD,1983,9.71
Bangladesh,BGD,1985,7.38
Bangladesh,BGD,1988,11.23
Bangladesh,BGD,1991,11.34
Bangladesh,BGD,1995,7.98
Bangladesh,BGD,2000,7.5
Bangladesh,BGD,2005,4.7
Bangladesh,BGD,2010,3.31
Belarus,BLR,1988,0.08
Belarus,BLR,1993,0.02
Belarus,BLR,1995,0.35
Belarus,BLR,1998,2.69
Belarus,BLR,1999,2.58
Belarus,BLR,2000,1.73
Belarus,BLR,2001,0.69
Belarus,BLR,2002,0.46
Belarus,BLR,2003,0.35
Belarus,BLR,2004,0.07
Belarus,BLR,2005,0.07
Belarus,BLR,2006,0.04
Belarus,BLR,2007,0
Belarus,BLR,2008,0
Belarus,BLR,2009,0.01
Belarus,BLR,2010,0
Belarus,BLR,2011,0
Belarus,BLR,2012,0
Belarus,BLR,2013,0
Belarus,BLR,2014,0
Belize,BLZ,1993,5.02
Belize,BLZ,1994,4.53
Belize,BLZ,1995,4.64
Belize,BLZ,1996,5.37
Belize,BLZ,1997,7.83
Belize,BLZ,1998,5.96
Belize,BLZ,1999,6.22
Benin,BEN,2003,16.25
Benin,BEN,2011,18.98
Bhutan,BTN,2003,11.27
Bhutan,BTN,2007,1.57
Bhutan,BTN,2012,0.41
Bolivia,BOL,1990,1.45
Bolivia,BOL,1992,4.81
Bolivia,BOL,1997,10.02
Bolivia,BOL,1999,15.34
Bolivia,BOL,2000,19.06
Bolivia,BOL,2001,13.35
Bolivia,BOL,2002,14.15
Bolivia,BOL,2004,6.02
Bolivia,BOL,2005,10.98
Bolivia,BOL,2006,9.23
Bolivia,BOL,2007,7.03
Bolivia,BOL,2008,6.01
Bolivia,BOL,2009,6.3
Bolivia,BOL,2011,3.65
Bolivia,BOL,2012,4.85
Bolivia,BOL,2013,3.8
Bolivia,BOL,2014,3.24
Bosnia and Herzegovina,BIH,2001,0.13
Bosnia and Herzegovina,BIH,2004,0.05
Bosnia and Herzegovina,BIH,2007,0.02
Bosnia and Herzegovina,BIH,2011,0.02
Botswana,BWA,1985,17.87
Botswana,BWA,1993,13.49
Botswana,BWA,2002,11.41
Botswana,BWA,2009,5.78
Brazil,BRA,1981,9.85
Brazil,BRA,1982,9.51
Brazil,BRA,1983,12.75
Brazil,BRA,1984,12.08
Brazil,BRA,1985,9.99
Brazil,BRA,1986,3.87
Brazil,BRA,1987,7.46
Brazil,BRA,1988,9.62
Brazil,BRA,1989,8.73
Brazil,BRA,1990,8.24
Brazil,BRA,1992,9.09
Brazil,BRA,1993,8.56
Brazil,BRA,1995,5.33
Brazil,BRA,1996,6.14
Brazil,BRA,1997,5.98
Brazil,BRA,1998,5.21
Brazil,BRA,1999,5.39
Brazil,BRA,2001,5.79
Brazil,BRA,2002,4.83
Brazil,BRA,2003,5.32
Brazil,BRA,2004,4.47
Brazil,BRA,2005,3.88
Brazil,BRA,2006,3.32
Brazil,BRA,2007,3.59
Brazil,BRA,2008,2.92
Brazil,BRA,2009,2.9
Brazil,BRA,2011,2.93
Brazil,BRA,2012,2.48
Brazil,BRA,2013,2.77
Brazil,BRA,2014,1.72
Bulgaria,BGR,1989,0.05
Bulgaria,BGR,1992,0
Bulgaria,BGR,1994,0.23
Bulgaria,BGR,1995,0.31
Bulgaria,BGR,1997,0.13
Bulgaria,BGR,2001,0.42
Bulgaria,BGR,2003,0.15
Bulgaria,BGR,2006,2.63
Bulgaria,BGR,2007,0.12
Bulgaria,BGR,2008,0.37
Bulgaria,BGR,2009,0.28
Bulgaria,BGR,2010,0.62
Bulgaria,BGR,2011,0.93
Bulgaria,BGR,2012,0.77
Burkina Faso,BFA,1994,48.44
Burkina Faso,BFA,1998,42.99
Burkina Faso,BFA,2003,23.71
Burkina Faso,BFA,2009,19.94
Burkina Faso,BFA,2014,11.07
Burundi,BDI,1992,36.79
Burundi,BDI,1998,44.82
Burundi,BDI,2006,32.88
Cambodia,KHM,1994,6.42
Cambodia,KHM,2004,3.69
Cambodia,KHM,2007,3.52
Cambodia,KHM,2008,1.85
Cambodia,KHM,2009,0.76
Cambodia,KHM,2010,0.65
Cambodia,KHM,2011,0.55
Cambodia,KHM,2012,0.28
Cameroon,CMR,1996,15.29
Cameroon,CMR,2001,6.07
Cameroon,CMR,2007,8.32
Cameroon,CMR,2014,7.65
Cape Verde,CPV,2001,4.51
Cape Verde,CPV,2007,1.85
Central African Republic,CAF,1992,58.85
Central African Republic,CAF,2003,30.31
Central African Republic,CAF,2008,33.08
Chad,TCD,2003,26.73
Chad,TCD,2011,15.29
Chile,CHL,1987,3.08
Chile,CHL,1990,2.71
Chile,CHL,1992,1.48
Chile,CHL,1994,1.83
Chile,CHL,1996,1.22
Chile,CHL,1998,1.31
Chile,CHL,2000,1.28
Chile,CHL,2003,1.09
Chile,CHL,2006,0.63
Chile,CHL,2009,0.81
Chile,CHL,2011,0.5
Chile,CHL,2013,0.45
China,CHN,1981,43.19
China,CHN,1984,29.41
China,CHN,1987,21.73
China,CHN,1990,24.37
China,CHN,1993,20.57
China,CHN,1996,13.04
China,CHN,1999,13.23
China,CHN,2002,10.23
China,CHN,2005,4.94
China,CHN,2008,3.87
China,CHN,2010,2.66
China,CHN,2011,1.76
China,CHN,2012,1.37
China,CHN,2013,0.35
Colombia,COL,1988,4.84
Colombia,COL,1989,3.65
Colombia,COL,1991,3.78
Colombia,COL,1992,4.48
Colombia,COL,1996,8.72
Colombia,COL,1999,10.68
Colombia,COL,2000,10.78
Colombia,COL,2001,10.52
Colombia,COL,2002,5.91
Colombia,COL,2003,4.97
Colombia,COL,2004,4.16
Colombia,COL,2005,3.72
Colombia,COL,2008,4.46
Colombia,COL,2009,3.79
Colombia,COL,2010,2.97
Colombia,COL,2011,2.52
Colombia,COL,2012,2.9
Colombia,COL,2013,2.48
Colombia,COL,2014,2.31
Comoros,COM,2004,3.66
Congo,COG,2005,19.94
Congo,COG,2011,14.86
Costa Rica,CRI,1981,16.39
Costa Rica,CRI,1986,5.41
Costa Rica,CRI,1989,7.38
Costa Rica,CRI,1990,5.29
Costa Rica,CRI,1991,5.69
Costa Rica,CRI,1992,4.83
Costa Rica,CRI,1993,4.56
Costa Rica,CRI,1994,3.54
Costa Rica,CRI,1995,3.73
Costa Rica,CRI,1996,4.22
Costa Rica,CRI,1997,3.07
Costa Rica,CRI,1998,2.38
Costa Rica,CRI,1999,2.99
Costa Rica,CRI,2000,3.21
Costa Rica,CRI,2001,3.59
Costa Rica,CRI,2002,3.44
Costa Rica,CRI,2003,3.24
Costa Rica,CRI,2004,2.93
Costa Rica,CRI,2005,2.03
Costa Rica,CRI,2006,2.1
Costa Rica,CRI,2007,1.22
Costa Rica,CRI,2008,1.55
Costa Rica,CRI,2009,1.89
Costa Rica,CRI,2010,0.73
Costa Rica,CRI,2011,0.67
Costa Rica,CRI,2012,0.68
Costa Rica,CRI,2013,0.6
Costa Rica,CRI,2014,0.69
Cote d'Ivoire,CIV,1985,2.03
Cote d'Ivoire,CIV,1986,0.63
Cote d'Ivoire,CIV,1987,1.6
Cote d'Ivoire,CIV,1988,2.53
Cote d'Ivoire,CIV,1992,6.64
Cote d'Ivoire,CIV,1995,4.67
Cote d'Ivoire,CIV,1998,7.57
Cote d'Ivoire,CIV,2002,7.05
Cote d'Ivoire,CIV,2008,10.3
Croatia,HRV,1988,0.04
Croatia,HRV,1998,0
Croatia,HRV,1999,0.24
Croatia,HRV,2000,0.06
Croatia,HRV,2001,0.05
Croatia,HRV,2004,0
Croatia,HRV,2008,0
Croatia,HRV,2009,0
Croatia,HRV,2010,0
Croatia,HRV,2011,0.51
Croatia,HRV,2012,0.57
Czech Republic,CZE,1988,0
Czech Republic,CZE,1993,0.01
Czech Republic,CZE,1996,0.15
Czech Republic,CZE,2004,0
Czech Republic,CZE,2005,0
Czech Republic,CZE,2006,0.03
Czech Republic,CZE,2007,0.05
Czech Republic,CZE,2008,0.04
Czech Republic,CZE,2009,0.08
Czech Republic,CZE,2010,0.02
Czech Republic,CZE,2011,0.06
Czech Republic,CZE,2012,0.08
Democratic Republic of Congo,COD,2004,63.59
Democratic Republic of Congo,COD,2012,39.17
Djibouti,DJI,2002,6.03
Djibouti,DJI,2012,7.85
Djibouti,DJI,2013,7.51
Dominican Republic,DOM,1986,16.34
Dominican Republic,DOM,1989,13.97
Dominican Republic,DOM,1992,1.5
Dominican Republic,DOM,1996,1.86
Dominican Republic,DOM,1997,2.03
Dominican Republic,DOM,2000,1.85
Dominican Republic,DOM,2001,1.13
Dominican Republic,DOM,2002,1.95
Dominican Republic,DOM,2003,2.28
Dominican Republic,DOM,2004,2.71
Dominican Republic,DOM,2005,1.69
Dominican Republic,DOM,2006,1.29
Dominican Republic,DOM,2007,1.17
Dominican Republic,DOM,2008,0.97
Dominican Republic,DOM,2009,0.84
Dominican Republic,DOM,2010,0.6
Dominican Republic,DOM,2011,0.72
Dominican Republic,DOM,2012,0.68
Dominican Republic,DOM,2013,0.56
East Asia & Pacific,,1981,38.23
East Asia & Pacific,,1984,26.99
East Asia & Pacific,,1987,20.72
East Asia & Pacific,,1990,21.37
East Asia & Pacific,,1993,18.21
East Asia & Pacific,,1996,11.85
East Asia & Pacific,,1999,11.52
East Asia & Pacific,,2002,8.73
East Asia & Pacific,,2005,4.68
East Asia & Pacific,,2008,3.73
East Asia & Pacific,,2010,2.52
East Asia & Pacific,,2011,1.81
East Asia & Pacific,,2012,1.45
East Asia & Pacific,,2013,0.66
Ecuador,ECU,1987,9.96
Ecuador,ECU,1994,7.69
Ecuador,ECU,1995,6.64
Ecuador,ECU,1998,6.1
Ecuador,ECU,1999,9.76
Ecuador,ECU,2000,11.64
Ecuador,ECU,2003,7.29
Ecuador,ECU,2004,6.32
Ecuador,ECU,2005,5.68
Ecuador,ECU,2006,3.6
Ecuador,ECU,2007,4.27
Ecuador,ECU,2008,3.96
Ecuador,ECU,2009,3.73
Ecuador,ECU,2010,2.85
Ecuador,ECU,2011,2.59
Ecuador,ECU,2012,2.46
Ecuador,ECU,2013,1.72
Ecuador,ECU,2014,1.43
El Salvador,SLV,1989,11.24
El Salvador,SLV,1991,10.34
El Salvador,SLV,1995,8.24
El Salvador,SLV,1996,9.28
El Salvador,SLV,1998,11.18
El Salvador,SLV,1999,8.91
El Salvador,SLV,2000,4.81
El Salvador,SLV,2001,5.59
El Salvador,SLV,2002,5.54
El Salvador,SLV,2003,8.5
El Salvador,SLV,2004,4.14
El Salvador,SLV,2005,3.45
El Salvador,SLV,2006,1.73
El Salvador,SLV,2007,1.08
El Salvador,SLV,2008,1.99
El Salvador,SLV,2009,1.67
El Salvador,SLV,2010,2.33
El Salvador,SLV,2011,1.06
El Salvador,SLV,2012,0.98
El Salvador,SLV,2013,0.74
El Salvador,SLV,2014,0.64
Estonia,EST,1988,0.05
Estonia,EST,1993,0.49
Estonia,EST,1995,0.13
Estonia,EST,1998,0.03
Estonia,EST,2000,0.28
Estonia,EST,2001,0.29
Estonia,EST,2002,0.3
Estonia,EST,2003,0.21
Estonia,EST,2004,1.91
Estonia,EST,2005,0.92
Estonia,EST,2006,0.62
Estonia,EST,2007,0.39
Estonia,EST,2008,0.42
Estonia,EST,2009,0.66
Estonia,EST,2010,0.99
Estonia,EST,2011,1.17
Estonia,EST,2012,1.21
Ethiopia,ETH,1981,24.32
Ethiopia,ETH,1995,26.2
Ethiopia,ETH,1999,16.16
Ethiopia,ETH,2004,8.34
Ethiopia,ETH,2010,9.04
Europe & Central Asia,,1987,0.3
Europe & Central Asia,,1990,0.43
Europe & Central Asia,,1993,1.79
Europe & Central Asia,,1996,2.41
Europe & Central Asia,,1999,2.54
Europe & Central Asia,,2002,1.88
Europe & Central Asia,,2005,1.54
Europe & Central Asia,,2008,0.93
Europe & Central Asia,,2010,0.8
Europe & Central Asia,,2011,0.72
Europe & Central Asia,,2012,0.65
Europe & Central Asia,,2013,0.57
Fiji,FJI,2002,1.09
Fiji,FJI,2008,0.82
Fragile and conflict affected situations,,1981,18.21
Fragile and conflict affected situations,,1984,18.75
Fragile and conflict affected situations,,1987,18.18
Fragile and conflict affected situations,,1990,19.28
Fragile and conflict affected situations,,1993,23.22
Fragile and conflict affected situations,,1996,23.28
Fragile and conflict affected situations,,1999,22.75
Fragile and conflict affected situations,,2002,23.5
Fragile and conflict affected situations,,2005,21.93
Fragile and conflict affected situations,,2008,19.96
Fragile and conflict affected situations,,2010,19.44
Fragile and conflict affected situations,,2011,18.67
Fragile and conflict affected situations,,2012,18.12
Fragile and conflict affected situations,,2013,17.42
Gabon,GAB,2005,1.85
Gambia,GMB,1998,35.98
Gambia,GMB,2003,17.72
Georgia,GEO,1996,1.21
Georgia,GEO,1997,6.18
Georgia,GEO,1998,5.8
Georgia,GEO,1999,6.96
Georgia,GEO,2000,7.52
Georgia,GEO,2001,7.12
Georgia,GEO,2002,5.55
Georgia,GEO,2003,5.76
Georgia,GEO,2004,5.67
Georgia,GEO,2005,5.38
Georgia,GEO,2006,4.41
Georgia,GEO,2007,5.22
Georgia,GEO,2008,4.96
Georgia,GEO,2009,5.15
Georgia,GEO,2010,6.41
Georgia,GEO,2011,6.17
Georgia,GEO,2012,5.04
Georgia,GEO,2013,3.36
Georgia,GEO,2014,2.89
Ghana,GHA,1987,13.15
Ghana,GHA,1988,12.67
Ghana,GHA,1991,16.4
Ghana,GHA,1998,11.33
Ghana,GHA,2005,8.41
Guatemala,GTM,1986,24.99
Guatemala,GTM,1989,18.71
Guatemala,GTM,1998,5.07
Guatemala,GTM,2000,3.92
Guatemala,GTM,2006,3.93
Guatemala,GTM,2011,4
Guatemala,GTM,2014,2.72
Guinea,GIN,1991,62.96
Guinea,GIN,1994,19.01
Guinea,GIN,2002,26.14
Guinea,GIN,2007,23.71
Guinea,GIN,2012,10.34
Guinea-Bissau,GNB,1991,22.67
Guinea-Bissau,GNB,1993,28.37
Guinea-Bissau,GNB,2002,18.63
Guinea-Bissau,GNB,2010,30.53
Guyana,GUY,1992,12.48
Guyana,GUY,1998,4.98
Haiti,HTI,2001,27.97
Haiti,HTI,2012,28.9
Honduras,HND,1986,9.15
Honduras,HND,1989,16.9
Honduras,HND,1990,20.74
Honduras,HND,1991,13.4
Honduras,HND,1992,10.8
Honduras,HND,1993,8.84
Honduras,HND,1994,10.64
Honduras,HND,1995,11.11
Honduras,HND,1996,13.34
Honduras,HND,1997,7.78
Honduras,HND,1998,13.1
Honduras,HND,1999,12.94
Honduras,HND,2001,8.09
Honduras,HND,2002,15.13
Honduras,HND,2003,12.61
Honduras,HND,2004,11.89
Honduras,HND,2005,13.93
Honduras,HND,2006,11.4
Honduras,HND,2007,6.91
Honduras,HND,2008,6.3
Honduras,HND,2009,4.82
Honduras,HND,2010,5.4
Honduras,HND,2011,7.88
Honduras,HND,2012,9.25
Honduras,HND,2013,7.66
Honduras,HND,2014,6.01
Hungary,HUN,1987,0.06
Hungary,HUN,1989,0.02
Hungary,HUN,1993,0.16
Hungary,HUN,1998,0
Hungary,HUN,1999,0.01
Hungary,HUN,2000,0
Hungary,HUN,2001,0
Hungary,HUN,2002,0
Hungary,HUN,2003,0
Hungary,HUN,2004,0
Hungary,HUN,2005,2.76
Hungary,HUN,2006,0.09
Hungary,HUN,2007,0.21
Hungary,HUN,2008,0.03
Hungary,HUN,2009,0.04
Hungary,HUN,2010,0.08
Hungary,HUN,2011,0.06
Hungary,HUN,2012,0.21
IBRD only,,1981,22.48
IBRD only,,1984,17.02
IBRD only,,1987,13.32
IBRD only,,1990,13.28
IBRD only,,1993,12.19
IBRD only,,1996,9.17
IBRD only,,1999,8.86
IBRD only,,2002,7.31
IBRD only,,2005,5.12
IBRD only,,2008,4.16
IBRD only,,2010,3.26
IBRD only,,2011,2.49
IBRD only,,2012,2.13
IBRD only,,2013,1.57
IDA & IBRD total,,1981,22.11
IDA & IBRD total,,1984,17.76
IDA & IBRD total,,1987,14.82
IDA & IBRD total,,1990,14.69
IDA & IBRD total,,1993,13.94
IDA & IBRD total,,1996,11.28
IDA & IBRD total,,1999,11.03
IDA & IBRD total,,2002,9.77
IDA & IBRD total,,2005,7.4
IDA & IBRD total,,2008,6.33
IDA & IBRD total,,2010,5.48
IDA & IBRD total,,2011,4.76
IDA & IBRD total,,2012,4.38
IDA & IBRD total,,2013,3.85
IDA blend,,1981,19.18
IDA blend,,1984,18.74
IDA blend,,1987,19.52
IDA blend,,1990,17.25
IDA blend,,1993,16.38
IDA blend,,1996,14.27
IDA blend,,1999,14.77
IDA blend,,2002,14.84
IDA blend,,2005,10.6
IDA blend,,2008,9.65
IDA blend,,2010,8.67
IDA blend,,2011,8.21
IDA blend,,2012,7.9
IDA blend,,2013,7.6
IDA only,,1981,21.45
IDA only,,1984,22.26
IDA only,,1987,21.86
IDA only,,1990,22.25
IDA only,,1993,23.42
IDA only,,1996,22.19
IDA only,,1999,21.37
IDA only,,2002,20.49
IDA only,,2005,17.75
IDA only,,2008,15.58
IDA only,,2010,14.79
IDA only,,2011,13.97
IDA only,,2012,13.31
IDA only,,2013,12.64
IDA total,,1981,20.51
IDA total,,1984,20.81
IDA total,,1987,20.9
IDA total,,1990,20.21
IDA total,,1993,20.57
IDA total,,1996,19.01
IDA total,,1999,18.75
IDA total,,2002,18.26
IDA total,,2005,14.96
IDA total,,2008,13.28
IDA total,,2010,12.44
IDA total,,2011,11.76
IDA total,,2012,11.24
IDA total,,2013,10.71
India,IND,1983,16.69
India,IND,1987,11.98
India,IND,1993,12.06
India,IND,2004,9.19
India,IND,2009,6.97
India,IND,2011,4.27
Indonesia,IDN,1984,26.66
Indonesia,IDN,1987,24.97
Indonesia,IDN,1990,17.2
Indonesia,IDN,1993,17.06
Indonesia,IDN,1996,12.37
Indonesia,IDN,1998,21.57
Indonesia,IDN,1999,9.5
Indonesia,IDN,2000,9.23
Indonesia,IDN,2001,7.87
Indonesia,IDN,2002,4.3
Indonesia,IDN,2003,4.44
Indonesia,IDN,2004,5.37
Indonesia,IDN,2005,4.43
Indonesia,IDN,2006,6.48
Indonesia,IDN,2007,4.81
Indonesia,IDN,2008,4.35
Indonesia,IDN,2009,3.6
Indonesia,IDN,2010,2.91
Indonesia,IDN,2011,2.36
Indonesia,IDN,2012,1.91
Indonesia,IDN,2013,1.5
Indonesia,IDN,2014,1.25
Iran,IRN,1986,1.77
Iran,IRN,1990,1.52
Iran,IRN,1994,0.62
Iran,IRN,1998,0.41
Iran,IRN,2005,0.54
Iran,IRN,2009,0.05
Iran,IRN,2013,0.03
Jamaica,JAM,1988,1.97
Jamaica,JAM,1990,0.88
Jamaica,JAM,1993,2.56
Jamaica,JAM,1996,0.82
Jamaica,JAM,1999,0.72
Jamaica,JAM,2002,0.73
Jamaica,JAM,2004,0.37
Kazakhstan,KAZ,1988,0.01
Kazakhstan,KAZ,1993,0.97
Kazakhstan,KAZ,1996,1.75
Kazakhstan,KAZ,2001,2.56
Kazakhstan,KAZ,2002,1.41
Kazakhstan,KAZ,2003,0.9
Kazakhstan,KAZ,2004,0.51
Kazakhstan,KAZ,2005,0.04
Kazakhstan,KAZ,2006,0.11
Kazakhstan,KAZ,2007,0.09
Kazakhstan,KAZ,2008,0.01
Kazakhstan,KAZ,2009,0.02
Kazakhstan,KAZ,2010,0.02
Kazakhstan,KAZ,2011,0.01
Kazakhstan,KAZ,2012,0.01
Kazakhstan,KAZ,2013,0.01
Kenya,KEN,1992,7.93
Kenya,KEN,1994,6.38
Kenya,KEN,1997,5.59
Kenya,KEN,2005,11.7
Kiribati,KIR,2006,4.55
Kosovo,OWID_KOS,2003,0.13
Kosovo,OWID_KOS,2005,0.64
Kosovo,OWID_KOS,2006,0.37
Kosovo,OWID_KOS,2009,0.4
Kosovo,OWID_KOS,2010,0.29
Kosovo,OWID_KOS,2011,0.12
Kosovo,OWID_KOS,2012,0.09
Kosovo,OWID_KOS,2013,0.19
Kyrgyzstan,KGZ,1988,0.45
Kyrgyzstan,KGZ,1993,22.4
Kyrgyzstan,KGZ,1998,11.6
Kyrgyzstan,KGZ,2000,11.27
Kyrgyzstan,KGZ,2001,9.26
Kyrgyzstan,KGZ,2002,8.7
Kyrgyzstan,KGZ,2003,6.18
Kyrgyzstan,KGZ,2004,2.78
Kyrgyzstan,KGZ,2005,3.06
Kyrgyzstan,KGZ,2006,1.78
Kyrgyzstan,KGZ,2007,1.99
Kyrgyzstan,KGZ,2008,0.75
Kyrgyzstan,KGZ,2009,0.34
Kyrgyzstan,KGZ,2010,1.09
Kyrgyzstan,KGZ,2011,0.22
Kyrgyzstan,KGZ,2012,0.74
Kyrgyzstan,KGZ,2013,0.48
Kyrgyzstan,KGZ,2014,0.23
Laos,LAO,1992,4.83
Laos,LAO,1997,7.45
Laos,LAO,2002,5.76
Laos,LAO,2007,4.58
Laos,LAO,2012,3.61
Latin America & Caribbean,,1981,6.61
Latin America & Caribbean,,1984,7.7
Latin America & Caribbean,,1987,6.02
Latin America & Caribbean,,1990,6.49
Latin America & Caribbean,,1993,6.03
Latin America & Caribbean,,1996,6.09
Latin America & Caribbean,,1999,5.96
Latin America & Caribbean,,2002,5.29
Latin America & Caribbean,,2005,4.65
Latin America & Caribbean,,2008,3.12
Latin America & Caribbean,,2010,2.89
Latin America & Caribbean,,2011,2.78
Latin America & Caribbean,,2012,2.62
Latin America & Caribbean,,2013,2.6
Latvia,LVA,1988,0.03
Latvia,LVA,1993,0
Latvia,LVA,1995,0
Latvia,LVA,1996,0.19
Latvia,LVA,1997,0.35
Latvia,LVA,1998,0.4
Latvia,LVA,2002,0.21
Latvia,LVA,2003,0.1
Latvia,LVA,2004,2.31
Latvia,LVA,2005,2.49
Latvia,LVA,2006,0.84
Latvia,LVA,2007,0
Latvia,LVA,2008,1.04
Latvia,LVA,2009,0.05
Latvia,LVA,2010,1.35
Latvia,LVA,2011,1
Latvia,LVA,2012,0.97
Lesotho,LSO,1986,44.17
Lesotho,LSO,1994,44.79
Lesotho,LSO,2002,31.99
Lesotho,LSO,2010,31.83
Liberia,LBR,2007,28.14
Lithuania,LTU,1988,0.05
Lithuania,LTU,1993,0.91
Lithuania,LTU,1996,0
Lithuania,LTU,1998,0.06
Lithuania,LTU,1999,0.05
Lithuania,LTU,2000,0.03
Lithuania,LTU,2001,0.14
Lithuania,LTU,2002,0.07
Lithuania,LTU,2003,0.03
Lithuania,LTU,2004,0.03
Lithuania,LTU,2005,0.87
Lithuania,LTU,2006,0.77
Lithuania,LTU,2007,0.71
Lithuania,LTU,2008,0.95
Lithuania,LTU,2009,1.68
Lithuania,LTU,2010,1.33
Lithuania,LTU,2011,0.82
Lithuania,LTU,2012,0.75
Low & middle income,,1981,21.89
Low & middle income,,1984,17.58
Low & middle income,,1987,14.67
Low & middle income,,1990,14.55
Low & middle income,,1993,13.8
Low & middle income,,1996,11.16
Low & middle income,,1999,10.91
Low & middle income,,2002,9.67
Low & middle income,,2005,7.34
Low & middle income,,2008,6.25
Low & middle income,,2010,5.41
Low & middle income,,2011,4.7
Low & middle income,,2012,4.32
Low & middle income,,2013,3.8
Low income,,1981,30.55
Low income,,1984,31.78
Low income,,1987,31.08
Low income,,1990,31.13
Low income,,1993,33.84
Low income,,1996,32.55
Low income,,1999,31.28
Low income,,2002,30
Low income,,2005,25.92
Low income,,2008,22.8
Low income,,2010,21.5
Low income,,2011,20.25
Low income,,2012,19.31
Low income,,2013,18.4
Lower middle income,,1981,17.67
Lower middle income,,1984,16.23
Lower middle income,,1987,14.75
Lower middle income,,1990,12.61
Lower middle income,,1993,12.73
Lower middle income,,1996,11.15
Lower middle income,,1999,10.51
Lower middle income,,2002,9.69
Lower middle income,,2005,8.1
Lower middle income,,2008,7.04
Lower middle income,,2010,5.96
Lower middle income,,2011,5.02
Lower middle income,,2012,4.55
Lower middle income,,2013,4.03
Macedonia,MKD,1998,0.04
Macedonia,MKD,2000,1
Macedonia,MKD,2002,0.31
Macedonia,MKD,2003,0.24
Macedonia,MKD,2004,0.32
Macedonia,MKD,2005,0.38
Macedonia,MKD,2006,0.56
Macedonia,MKD,2008,0.36
Madagascar,MDG,1993,30.35
Madagascar,MDG,1997,28.12
Madagascar,MDG,1999,27.71
Madagascar,MDG,2001,34.36
Madagascar,MDG,2005,31.7
Madagascar,MDG,2010,40.32
Madagascar,MDG,2012,39.23
Malawi,MWI,1997,24.92
Malawi,MWI,2004,31.68
Malawi,MWI,2010,33.29
Malaysia,MYS,1984,0.58
Malaysia,MYS,1987,0.31
Malaysia,MYS,1989,0.25
Malaysia,MYS,1992,0.1
Malaysia,MYS,1995,0.21
Malaysia,MYS,1997,0.03
Malaysia,MYS,2004,0.09
Malaysia,MYS,2007,0.12
Malaysia,MYS,2009,0.04
Maldives,MDV,2002,2.57
Maldives,MDV,2009,1.5
Mali,MLI,1994,51.88
Mali,MLI,2001,22.91
Mali,MLI,2006,17.46
Mali,MLI,2009,15.19
Mauritania,MRT,1987,17.35
Mauritania,MRT,1993,13.66
Mauritania,MRT,1995,6.13
Mauritania,MRT,2000,5.25
Mauritania,MRT,2004,3.59
Mauritania,MRT,2008,2.73
Mauritania,MRT,2014,1.4
Mauritius,MUS,2006,0.07
Mauritius,MUS,2012,0.11
Mexico,MEX,1984,2.26
Mexico,MEX,1989,2.22
Mexico,MEX,1992,2.88
Mexico,MEX,1994,3.74
Mexico,MEX,1996,4.33
Mexico,MEX,1998,4.74
Mexico,MEX,2000,3.46
Mexico,MEX,2002,2.5
Mexico,MEX,2004,2.24
Mexico,MEX,2005,3.31
Mexico,MEX,2006,0.8
Mexico,MEX,2008,0.87
Mexico,MEX,2010,0.96
Mexico,MEX,2012,0.67
Mexico,MEX,2014,0.81
Micronesia (country),FSM,2000,26.15
Micronesia (country),FSM,2005,2.65
Micronesia (country),FSM,2013,6.35
Middle East & North Africa,,1984,1.59
Middle East & North Africa,,1987,1.66
Middle East & North Africa,,1990,1.12
Middle East & North Africa,,1993,0.99
Middle East & North Africa,,1996,0.85
Middle East & North Africa,,1999,0.7
Middle East & North Africa,,2005,0.57
Middle East & North Africa,,2008,0.39
Middle income,,1981,22.81
Middle income,,1984,17.79
Middle income,,1987,14.49
Middle income,,1990,14.28
Middle income,,1993,13.14
Middle income,,1996,10.13
Middle income,,1999,9.88
Middle income,,2002,8.49
Middle income,,2005,6.06
Middle income,,2008,5.06
Middle income,,2010,4.16
Middle income,,2011,3.42
Middle income,,2012,3.05
Middle income,,2013,2.51
Moldova,MDA,1988,0
Moldova,MDA,1992,3.28
Moldova,MDA,1997,4.73
Moldova,MDA,1998,9.05
Moldova,MDA,1999,12.68
Moldova,MDA,2000,11.08
Moldova,MDA,2001,7.97
Moldova,MDA,2002,3.98
Moldova,MDA,2003,1.43
Moldova,MDA,2004,1.9
Moldova,MDA,2005,3.32
Moldova,MDA,2006,0.59
Moldova,MDA,2007,0.27
Moldova,MDA,2008,0.25
Moldova,MDA,2009,0.15
Moldova,MDA,2010,0.11
Moldova,MDA,2011,0.04
Moldova,MDA,2012,0.04
Moldova,MDA,2013,0.01
Moldova,MDA,2014,0
Mongolia,MNG,1995,3.04
Mongolia,MNG,1998,8.05
Mongolia,MNG,2002,2.42
Mongolia,MNG,2007,0.23
Mongolia,MNG,2010,0.1
Mongolia,MNG,2011,0.06
Mongolia,MNG,2012,0.06
Mongolia,MNG,2014,0.03
Montenegro,MNE,2005,0.07
Montenegro,MNE,2006,0
Montenegro,MNE,2007,0.03
Montenegro,MNE,2008,0.04
Montenegro,MNE,2009,0
Montenegro,MNE,2010,0
Montenegro,MNE,2011,0.08
Montenegro,MNE,2012,0.52
Montenegro,MNE,2013,0.23
Montenegro,MNE,2014,0
Morocco,MAR,1984,2.35
Morocco,MAR,1990,0.41
Morocco,MAR,1998,1.32
Morocco,MAR,2000,1.3
Morocco,MAR,2006,0.6
Mozambique,MOZ,1996,47.28
Mozambique,MOZ,2002,41.53
Mozambique,MOZ,2008,31.41
Namibia,NAM,1993,27.77
Namibia,NAM,2003,10.17
Namibia,NAM,2009,6.65
Nepal,NPL,1984,28.36
Nepal,NPL,1995,21.2
Nepal,NPL,2003,14.49
Nepal,NPL,2010,3.05
Nicaragua,NIC,1993,6.95
Nicaragua,NIC,1998,4.39
Nicaragua,NIC,2001,8.62
Nicaragua,NIC,2005,3.61
Nicaragua,NIC,2009,3.62
Nicaragua,NIC,2014,1.57
Niger,NER,1992,34.12
Niger,NER,1994,43.13
Niger,NER,2005,35.5
Niger,NER,2007,28.75
Niger,NER,2011,13.91
Niger,NER,2014,13.69
Nigeria,NGA,1985,17
Nigeria,NGA,1992,27.37
Nigeria,NGA,1996,31.08
Nigeria,NGA,2003,21.92
Nigeria,NGA,2009,21.76
Pakistan,PAK,1987,20.63
Pakistan,PAK,1990,19.97
Pakistan,PAK,1996,2.58
Pakistan,PAK,1998,4.76
Pakistan,PAK,2001,5.78
Pakistan,PAK,2004,3.43
Pakistan,PAK,2005,2.73
Pakistan,PAK,2007,2.11
Pakistan,PAK,2010,1.17
Pakistan,PAK,2011,1.1
Pakistan,PAK,2013,0.87
Palestine,PSE,2004,0.1
Palestine,PSE,2005,0.03
Palestine,PSE,2006,0.02
Palestine,PSE,2007,0.17
Palestine,PSE,2009,0.02
Panama,PAN,1989,16.31
Panama,PAN,1991,13.98
Panama,PAN,1995,11.04
Panama,PAN,1997,9.22
Panama,PAN,1998,9.93
Panama,PAN,1999,8.47
Panama,PAN,2000,9.36
Panama,PAN,2001,8.79
Panama,PAN,2002,4.9
Panama,PAN,2003,4.86
Panama,PAN,2004,4.29
Panama,PAN,2005,4.04
Panama,PAN,2006,4.69
Panama,PAN,2007,2.82
Panama,PAN,2008,1.53
Panama,PAN,2009,0.94
Panama,PAN,2010,1.32
Panama,PAN,2011,1.29
Panama,PAN,2012,1.44
Panama,PAN,2013,0.8
Panama,PAN,2014,1.21
Papua New Guinea,PNG,1996,28.11
Papua New Guinea,PNG,2009,15.92
Paraguay,PRY,1990,0.3
Paraguay,PRY,1995,5.25
Paraguay,PRY,1997,4.53
Paraguay,PRY,1999,4.07
Paraguay,PRY,2001,3.62
Paraguay,PRY,2002,5.31
Paraguay,PRY,2003,3.18
Paraguay,PRY,2004,2.12
Paraguay,PRY,2005,2.55
Paraguay,PRY,2006,3.31
Paraguay,PRY,2007,2.9
Paraguay,PRY,2008,1.62
Paraguay,PRY,2009,2.21
Paraguay,PRY,2010,2.1
Paraguay,PRY,2011,1.93
Paraguay,PRY,2012,1.15
Paraguay,PRY,2013,0.87
Paraguay,PRY,2014,0.85
Peru,PER,1985,5.15
Peru,PER,1994,4.56
Peru,PER,1997,7.22
Peru,PER,1998,6.87
Peru,PER,1999,7.23
Peru,PER,2000,6.2
Peru,PER,2001,6.67
Peru,PER,2002,5.74
Peru,PER,2003,4.02
Peru,PER,2004,3.91
Peru,PER,2005,4.62
Peru,PER,2006,4.09
Peru,PER,2007,3.22
Peru,PER,2008,2.38
Peru,PER,2009,1.82
Peru,PER,2010,1.3
Peru,PER,2011,1.14
Peru,PER,2012,1.13
Peru,PER,2013,0.94
Peru,PER,2014,0.79
Philippines,PHL,1985,7.39
Philippines,PHL,1988,6.23
Philippines,PHL,1991,6.83
Philippines,PHL,1994,6.32
Philippines,PHL,1997,4.09
Philippines,PHL,2000,4.44
Philippines,PHL,2003,4.04
Philippines,PHL,2006,3.67
Philippines,PHL,2009,2.43
Philippines,PHL,2012,2.74
Poland,POL,1985,0.13
Poland,POL,1987,0.09
Poland,POL,1989,0.08
Poland,POL,1993,0.03
Poland,POL,1996,0.49
Poland,POL,1998,0
Poland,POL,1999,0.01
Poland,POL,2000,0.02
Poland,POL,2001,0.02
Poland,POL,2002,0.01
Poland,POL,2003,0
Poland,POL,2004,0.02
Poland,POL,2005,0.02
Poland,POL,2006,0.42
Poland,POL,2007,0.01
Poland,POL,2008,0
Poland,POL,2009,0
Poland,POL,2010,0.25
Poland,POL,2011,0
Poland,POL,2012,0
Poland,POL,2013,0
Poland,POL,2014,0
Romania,ROU,1989,0.29
Romania,ROU,1992,0.3
Romania,ROU,1994,2.45
Romania,ROU,1998,0.44
Romania,ROU,1999,1.32
Romania,ROU,2000,1.55
Romania,ROU,2001,1.1
Romania,ROU,2002,1.21
Romania,ROU,2003,0.75
Romania,ROU,2004,0.28
Romania,ROU,2005,0.27
Romania,ROU,2006,0.34
Romania,ROU,2007,0.08
Romania,ROU,2008,1.91
Romania,ROU,2009,1.02
Romania,ROU,2010,1.82
Romania,ROU,2011,2.35
Romania,ROU,2012,2.58
Romania,ROU,2013,0
Russia,RUS,1988,0.31
Russia,RUS,1993,0.24
Russia,RUS,1996,0.61
Russia,RUS,1997,0.27
Russia,RUS,1998,0.4
Russia,RUS,1999,0.82
Russia,RUS,2000,0.51
Russia,RUS,2001,0.25
Russia,RUS,2002,0.14
Russia,RUS,2003,0.25
Russia,RUS,2004,0.22
Russia,RUS,2005,0.15
Russia,RUS,2006,0.12
Russia,RUS,2007,0.05
Russia,RUS,2008,0.02
Russia,RUS,2009,0.01
Russia,RUS,2010,0.03
Russia,RUS,2011,0.01
Russia,RUS,2012,0.01
Rwanda,RWA,1984,19.22
Rwanda,RWA,2000,37.93
Rwanda,RWA,2005,31.14
Rwanda,RWA,2010,23.7
Rwanda,RWA,2013,23.69
Saint Lucia,LCA,1995,13.24
Samoa,WSM,2008,0.11
Sao Tome and Principe,STP,2000,7.82
Sao Tome and Principe,STP,2010,8.61
Senegal,SEN,1991,36.5
Senegal,SEN,1994,21.43
Senegal,SEN,2001,16.49
Senegal,SEN,2005,12.75
Senegal,SEN,2011,12.79
Serbia,SRB,2002,0.03
Serbia,SRB,2003,0.13
Serbia,SRB,2004,0.19
Serbia,SRB,2005,0.27
Serbia,SRB,2006,0.1
Serbia,SRB,2007,0.07
Serbia,SRB,2008,0.03
Serbia,SRB,2009,0.02
Serbia,SRB,2010,0.01
Serbia,SRB,2013,0.04
Seychelles,SYC,1999,0.11
Seychelles,SYC,2006,0.05
Seychelles,SYC,2013,0.43
Sierra Leone,SLE,1989,46.79
Sierra Leone,SLE,2003,21.72
Sierra Leone,SLE,2011,16.7
Slovakia,SVK,1988,0
Slovakia,SVK,1992,0
Slovakia,SVK,1996,0.07
Slovakia,SVK,2004,0.01
Slovakia,SVK,2005,0.17
Slovakia,SVK,2006,0
Slovakia,SVK,2007,0.53
Slovakia,SVK,2008,0.28
Slovakia,SVK,2009,0
Slovakia,SVK,2010,0.2
Slovakia,SVK,2011,0.21
Slovakia,SVK,2012,0.12
Slovenia,SVN,1987,0.02
Slovenia,SVN,1993,0.04
Slovenia,SVN,1998,0.02
Slovenia,SVN,2002,0
Slovenia,SVN,2003,0
Slovenia,SVN,2004,0.22
Slovenia,SVN,2005,0.05
Slovenia,SVN,2006,1.53
Slovenia,SVN,2007,0.21
Slovenia,SVN,2008,0.03
Slovenia,SVN,2009,0.48
Slovenia,SVN,2010,0.05
Slovenia,SVN,2011,0
Slovenia,SVN,2012,0
Solomon Islands,SLB,2005,17.38
South Africa,ZAF,1993,9.52
South Africa,ZAF,1996,12.87
South Africa,ZAF,2000,11.71
South Africa,ZAF,2006,8.14
South Africa,ZAF,2008,4.8
South Africa,ZAF,2011,4.9
South Asia,,1981,17.43
South Asia,,1984,16.01
South Asia,,1987,13.72
South Asia,,1990,12.13
South Asia,,1993,11.85
South Asia,,1996,10.18
South Asia,,2002,9.36
South Asia,,2005,7.85
South Asia,,2008,6.53
South Asia,,2010,5.25
South Asia,,2011,3.96
South Asia,,2012,3.37
South Asia,,2013,2.79
South Sudan,SSD,2009,18.91
Sri Lanka,LKA,1985,2.55
Sri Lanka,LKA,1990,1.49
Sri Lanka,LKA,1995,1.6
Sri Lanka,LKA,2002,1.41
Sri Lanka,LKA,2006,0.55
Sri Lanka,LKA,2009,0.41
Sri Lanka,LKA,2012,0.29
Sub-Saharan Africa,,1990,24.33
Sub-Saharan Africa,,1993,27.12
Sub-Saharan Africa,,1996,26.68
Sub-Saharan Africa,,1999,26.03
Sub-Saharan Africa,,2002,25
Sub-Saharan Africa,,2005,21.17
Sub-Saharan Africa,,2008,19.11
Sub-Saharan Africa,,2010,18.34
Sub-Saharan Africa,,2011,17.43
Sub-Saharan Africa,,2012,16.72
Sub-Saharan Africa,,2013,15.95
Sudan,SDN,2009,3.98
Suriname,SUR,1999,16.56
Swaziland,SWZ,1994,51.04
Swaziland,SWZ,2000,17.49
Swaziland,SWZ,2009,16.64
Tajikistan,TJK,1999,17.49
Tajikistan,TJK,2003,8.19
Tajikistan,TJK,2004,3.57
Tajikistan,TJK,2007,3.79
Tajikistan,TJK,2009,0.9
Tajikistan,TJK,2012,5.21
Tajikistan,TJK,2013,4.88
Tajikistan,TJK,2014,4.06
Tanzania,TZA,1991,28.95
Tanzania,TZA,2000,44.54
Tanzania,TZA,2007,18.95
Tanzania,TZA,2011,14.35
Thailand,THA,1981,5.01
Thailand,THA,1988,2.55
Thailand,THA,1990,1.78
Thailand,THA,1992,1.13
Thailand,THA,1994,0.52
Thailand,THA,1996,0.34
Thailand,THA,1998,0.23
Thailand,THA,1999,0.36
Thailand,THA,2000,0.41
Thailand,THA,2002,0.22
Thailand,THA,2004,0.12
Thailand,THA,2006,0.11
Thailand,THA,2007,0.05
Thailand,THA,2008,0.02
Thailand,THA,2009,0.03
Thailand,THA,2010,0.01
Thailand,THA,2011,0.01
Thailand,THA,2012,0.01
Thailand,THA,2013,0
Timor,TLS,2001,13.49
Timor,TLS,2007,12.09
Togo,TGO,2006,21.05
Togo,TGO,2011,23.21
Tonga,TON,2001,0.74
Tonga,TON,2009,0.23
Trinidad and Tobago,TTO,1988,0.02
Trinidad and Tobago,TTO,1992,0.86
Tunisia,TUN,1985,3.47
Tunisia,TUN,1990,2.44
Tunisia,TUN,1995,2.54
Tunisia,TUN,2000,1.02
Tunisia,TUN,2005,0.65
Tunisia,TUN,2010,0.4
Turkey,TUR,1987,0.38
Turkey,TUR,1994,0.57
Turkey,TUR,2002,0.22
Turkey,TUR,2003,0.75
Turkey,TUR,2004,0.3
Turkey,TUR,2005,0.48
Turkey,TUR,2006,0.32
Turkey,TUR,2007,0.17
Turkey,TUR,2008,0.18
Turkey,TUR,2009,0.07
Turkey,TUR,2010,0.1
Turkey,TUR,2011,0.01
Turkey,TUR,2012,0.01
Turkey,TUR,2013,0.06
Turkmenistan,TKM,1988,8.99
Turkmenistan,TKM,1998,14.54
Tuvalu,TUV,2010,0.58
Uganda,UGA,1989,51.93
Uganda,UGA,1992,28.61
Uganda,UGA,1996,22.56
Uganda,UGA,1999,26.33
Uganda,UGA,2002,24.47
Uganda,UGA,2005,19.4
Uganda,UGA,2009,13.16
Uganda,UGA,2012,10.29
Ukraine,UKR,1988,0.21
Ukraine,UKR,1992,0.68
Ukraine,UKR,1993,0.28
Ukraine,UKR,1995,1.43
Ukraine,UKR,1996,1.47
Ukraine,UKR,1999,1.65
Ukraine,UKR,2002,0.31
Ukraine,UKR,2003,0.13
Ukraine,UKR,2004,0.08
Ukraine,UKR,2005,0.04
Ukraine,UKR,2006,0.01
Ukraine,UKR,2007,0.01
Ukraine,UKR,2008,0
Ukraine,UKR,2009,0.01
Ukraine,UKR,2010,0
Ukraine,UKR,2011,0
Ukraine,UKR,2012,0
Ukraine,UKR,2013,0
Ukraine,UKR,2014,0
Upper middle income,,1981,27.2
Upper middle income,,1984,19.14
Upper middle income,,1987,14.25
Upper middle income,,1990,15.8
Upper middle income,,1993,13.52
Upper middle income,,1996,9.16
Upper middle income,,1999,9.26
Upper middle income,,2002,7.28
Upper middle income,,2005,3.98
Upper middle income,,2008,2.97
Upper middle income,,2010,2.22
Upper middle income,,2011,1.69
Upper middle income,,2012,1.42
Upper middle income,,2013,0.86
Uruguay,URY,1981,0
Uruguay,URY,1989,0.15
Uruguay,URY,1992,0.15
Uruguay,URY,1995,0.2
Uruguay,URY,1996,0.26
Uruguay,URY,1997,0.23
Uruguay,URY,1998,0.26
Uruguay,URY,2000,0.17
Uruguay,URY,2001,0.18
Uruguay,URY,2002,0.21
Uruguay,URY,2003,0.3
Uruguay,URY,2004,0.34
Uruguay,URY,2005,0.33
Uruguay,URY,2006,0.22
Uruguay,URY,2007,0.12
Uruguay,URY,2008,0.06
Uruguay,URY,2009,0.08
Uruguay,URY,2010,0.08
Uruguay,URY,2011,0.1
Uruguay,URY,2012,0.11
Uruguay,URY,2013,0.11
Uruguay,URY,2014,0.09
Uzbekistan,UZB,1988,0
Uzbekistan,UZB,1998,20.06
Uzbekistan,UZB,2000,27.07
Uzbekistan,UZB,2002,22.38
Uzbekistan,UZB,2003,25.32
Vanuatu,VUT,2010,3.73
Venezuela,VEN,1981,0.06
Venezuela,VEN,1987,0.02
Venezuela,VEN,1989,5.55
Venezuela,VEN,1992,2.79
Venezuela,VEN,1995,4.29
Venezuela,VEN,1998,7.31
Venezuela,VEN,1999,5.32
Venezuela,VEN,2001,5.45
Venezuela,VEN,2002,9.44
Venezuela,VEN,2003,12.13
Venezuela,VEN,2004,11.12
Venezuela,VEN,2005,12.45
Venezuela,VEN,2006,6.8
Vietnam,VNM,1992,14.95
Vietnam,VNM,1998,8.59
Vietnam,VNM,2002,10.37
Vietnam,VNM,2004,7.02
Vietnam,VNM,2006,5.52
Vietnam,VNM,2008,4.06
Vietnam,VNM,2010,0.99
Vietnam,VNM,2012,0.58
Vietnam,VNM,2014,0.62
World,OWID_WRL,1981,17.79
World,OWID_WRL,1984,14.38
World,OWID_WRL,1987,12.09
World,OWID_WRL,1990,12.06
World,OWID_WRL,1993,11.49
World,OWID_WRL,1996,9.33
World,OWID_WRL,1999,9.16
World,OWID_WRL,2002,8.14
World,OWID_WRL,2005,6.2
World,OWID_WRL,2008,5.29
World,OWID_WRL,2010,4.59
World,OWID_WRL,2011,3.99
World,OWID_WRL,2012,3.67
World,OWID_WRL,2013,3.23
Zambia,ZMB,1991,34.74
Zambia,ZMB,1993,27.69
Zambia,ZMB,1996,15.86
Zambia,ZMB,1998,16.76
Zambia,ZMB,2002,17.45
Zambia,ZMB,2004,27.26
Zambia,ZMB,2006,30.09
Zambia,ZMB,2010,31.59
Zimbabwe,ZWE,2011,5.17